REFERENCEID,PassportNo,NATIONALITY,expirydate,FIRSTNAME,LASTNAME,DOB,ADDRESS
1.00E+08,P11021130,India,2026-10-07,Maud,Olsen,1969-05-25,"777 Brockton Avenue, Abington MA 2351"
100000001,A10221747,India,2023-05-14,Conah,Rigby,1970-04-03,"30 Memorial Drive, Avon MA 2322"
100000002,F10728458,Europe,2027-06-17,Kathryn,Cortes,1969-11-27,"250 Hartford Avenue, Bellingham MA 2019"
100000003,N10429372,India,2024-05-29,Caprice,Hume,2004-04-29,"700 Oak Street, Brockton MA 2301"
100000004,L10262370,Canada,2024-09-08,Lynn,Ball,1950-07-10,"66-4 Parkhurst Rd, Chelmsford MA 1824"
100000005,F10326771,Italy,2026-03-10,Chelsy,Evans,1978-12-11,"591 Memorial Dr, Chicopee MA 1020"
100000006,P10992527,China,2023-01-27,Courteney,Aldred,1984-06-07,"55 Brooksby Village Way, Danvers MA 1923"
100000007,T10322625,France,2026-09-12,Gracie-Mae,Bean,2010-11-07,"137 Teaticket Hwy, East Falmouth MA 2536"
100000008,P10236475,China,2028-12-05,Maison,Sanchez,1980-10-15,"42 Fairhaven Commons Way, Fairhaven MA 2719"
100000009,N11074339,India,2025-09-16,Kobie,Sharpe,1993-01-19,"374 William S Canning Blvd, Fall River MA 2721"
100000010,A11047890,Russia,2028-06-21,Amisha,Hines,1959-12-29,"121 Worcester Rd, Framingham MA 1701"
100000011,F10066857,France,2027-07-08,Anita,Bruce,2008-09-08,"677 Timpany Blvd, Gardner MA 1440"
100000012,P10156276,France,2025-03-26,Jaden,Clemons,1997-01-12,"337 Russell St, Hadley MA 1035"
100000013,T10827032,India,2024-11-21,Sana,Whitmore,1990-03-07,"295 Plymouth Street, Halifax MA 2338"
100000014,F10362959,Canada,2026-03-01,Alisha,Ridley,1974-01-28,"1775 Washington St, Hanover MA 2339"
100000015,T10004430,United States of America,2024-06-26,Theodore,Lyons,1969-08-26,"280 Washington Street, Hudson MA 1749"
100000016,S10126629,China,2022-09-26,Grover,Boyle,2011-01-04,"20 Soojian Dr, Leicester MA 1524"
100000017,F10823587,Italy,2023-09-02,Kerrie,Anderson,1955-08-21,"11 Jungle Road, Leominster MA 1453"
100000018,K10686753,United States of America,2027-04-15,Jolyon,Bray,1954-01-16,"301 Massachusetts Ave, Lunenburg MA 1462"
100000019,Q10305355,United States of America,2027-07-21,Lexi-Mai,Vazquez,1991-08-18,"780 Lynnway, Lynn MA 1905"
100000020,A10770512,United States of America,2024-05-10,Maizie,Bush,1960-11-22,"70 Pleasant Valley Street, Methuen MA 1844"
100000021,F10800620,France,2027-10-05,Marwa,Robinson,1988-12-25,"830 Curran Memorial Hwy, North Adams MA 1247"
100000022,A11056145,Europe,2025-05-21,Agata,Rice,1964-10-25,"1470 S Washington St, North Attleboro MA 2760"
100000023,F10197419,Sri lanka,2026-12-16,Joel,Mckeown,2002-05-02,"506 State Road, North Dartmouth MA 2747"
100000024,N10062307,Europe,2027-12-13,Renesmae,Rush,1964-12-04,"742 Main Street, North Oxford MA 1537"
100000025,N10260955,France,2027-01-16,Haydon,Acosta,1987-08-16,"72 Main St, North Reading MA 1864"
100000026,P10224973,United States of America,2026-02-06,Mabel,Oneill,1969-01-01,"200 Otis Street, Northborough MA 1532"
100000027,L10246433,Canada,2028-10-01,Gabriella,Bull,2010-05-08,"180 North King Street, Northhampton MA 1060"
100000028,K10880935,Italy,2028-05-05,Toyah,Frey,1967-09-02,"555 East Main St, Orange MA 1364"
100000029,T10076177,United States of America,2028-08-15,Arnold,Frank,2000-02-12,"555 Hubbard Ave-Suite 12, Pittsfield MA 1201"
100000030,J10877416,Germany,2029-09-12,Yara,Miller,1950-06-14,"300 Colony Place, Plymouth MA 2360"
100000031,S10320113,China,2026-08-08,Leigh,Donnelly,1974-02-12,"301 Falls Blvd, Quincy MA 2169"
100000032,N10686740,Canada,2024-01-31,Lavinia,Dalby,2011-05-23,"36 Paramount Drive, Raynham MA 2767"
100000033,S10201876,China,2027-09-21,Inaayah,Wooten,1970-07-21,"450 Highland Ave, Salem MA 1970"
100000034,F11064263,Germany,2023-10-17,Maya,Cline,1985-12-23,"1180 Fall River Avenue, Seekonk MA 2771"
100000035,Q10249818,France,2025-05-10,Affan,Bryant,1963-05-10,"1105 Boston Road, Springfield MA 1119"
100000036,J11044740,China,2027-12-10,Alessandra,Wilson,1982-02-03,"100 Charlton Road, Sturbridge MA 1566"
100000037,F10793304,Europe,2028-12-06,Jake,Fitzgerald,1958-05-23,"262 Swansea Mall Dr, Swansea MA 2777"
100000038,N11059973,Sri lanka,2024-05-13,Yvette,Villanueva,1969-03-16,"333 Main Street, Tewksbury MA 1876"
100000039,N10518353,Germany,2027-01-09,Patricia,Peacock,1962-07-16,"550 Providence Hwy, Walpole MA 2081"
100000040,S10545373,China,2022-04-13,Carlos,Paine,1952-09-10,"352 Palmer Road, Ware MA 1082"
100000041,S10204394,Sri lanka,2023-09-15,Arron,Michael,2002-01-14,"3005 Cranberry Hwy Rt 6 28, Wareham MA 2538"
100000042,J10881424,Canada,2027-11-12,Sahara,Lancaster,1959-07-07,"250 Rt 59, Airmont NY 10901"
100000043,K10946686,China,2025-12-15,Habibah,Mcconnell,1986-05-06,"141 Washington Ave Extension, Albany NY 12205"
100000044,N10264654,Sri lanka,2025-08-09,Natan,Chester,1971-07-24,"13858 Rt 31 W, Albion NY 14411"
100000045,P10848055,Europe,2024-01-26,Wilma,Ayers,1985-09-08,"2055 Niagara Falls Blvd, Amherst NY 14228"
100000046,T10945828,France,2022-09-09,Zakariyya,Odonnell,1955-04-28,"101 Sanford Farm Shpg Center, Amsterdam NY 12010"
100000047,Q10858425,United States of America,2025-02-05,Richie,Escobar,1954-07-13,"297 Grant Avenue, Auburn NY 13021"
100000048,A10871369,Sri lanka,2027-02-10,Vikki,Kaufman,1992-04-30,"4133 Veterans Memorial Drive, Batavia NY 14020"
100000049,P10462946,Europe,2026-06-15,Mikael,Devlin,1999-09-06,"6265 Brockport Spencerport Rd, Brockport NY 14420"
100000050,L10841454,Europe,2026-07-05,Gregory,French,1997-11-06,"5399 W Genesse St, Camillus NY 13031"
100000051,J10886733,France,2026-08-13,Om,Castillo,1973-01-05,"3191 County rd 10, Canandaigua NY 14424"
100000052,A10504400,United States of America,2027-04-11,Tasmin,Mcdougall,2014-03-01,"30 Catskill, Catskill NY 12414"
100000053,K10930552,Germany,2026-11-29,Essa,Barrow,1953-12-25,"161 Centereach Mall, Centereach NY 11720"
100000054,Q10853950,Canada,2029-05-21,Zak,Trevino,1987-08-20,"3018 East Ave, Central Square NY 13036"
100000055,T10566560,India,2022-01-08,Tori,Sheridan,1981-06-09,"100 Thruway Plaza, Cheektowaga NY 14225"
100000056,A10020909,Europe,2022-12-27,Hailie,Sharma,1953-08-21,"8064 Brewerton Rd, Cicero NY 13039"
100000057,L10528641,Canada,2029-11-24,Caris,Foreman,1957-11-21,"5033 Transit Road, Clarence NY 14031"
100000058,T10027567,France,2023-05-25,Caitlin,Dennis,1995-09-21,"3949 Route 31, Clay NY 13041"
100000059,K10589129,Sri lanka,2024-04-16,Pearce,Greene,1996-10-05,"139 Merchant Place, Cobleskill NY 12043"
100000060,P10533038,Canada,2028-10-10,Inara,Cohen,1982-04-30,"85 Crooked Hill Road, Commack NY 11725"
100000061,L10507872,Canada,2022-12-15,Tabitha,Leon,2007-06-25,"872 Route 13, Cortlandville NY 13045"
100000062,K10202596,China,2029-08-24,Mikail,Snyder,1961-02-23,"279 Troy Road, East Greenbush NY 12061"
100000063,N10396399,Sri lanka,2026-05-03,Brendan,Ponce,1995-09-22,"2465 Hempstead Turnpike, East Meadow NY 11554"
100000064,P10692628,Canada,2028-02-12,Eduardo,Rasmussen,1954-12-29,"6438 Basile Rowe, East Syracuse NY 13057"
100000065,F10646643,Italy,2025-10-24,Charlotte,Landry,1996-11-20,"25737 US Rt 11, Evans Mills NY 13637"
100000066,N10531439,Germany,2027-07-31,Aneurin,Conley,1994-07-15,"901 Route 110, Farmingdale NY 11735"
100000067,N10063196,China,2027-11-13,Dillan,Weston,1984-12-24,"2400 Route 9, Fishkill NY 12524"
100000068,K10305198,Europe,2023-02-12,Corrina,Woodley,1958-08-08,"10401 Bennett Road, Fredonia NY 14063"
100000069,T10495094,Europe,2026-05-09,Zarah,Simons,1988-11-15,"1818 State Route 3, Fulton NY 13069"
100000070,S10205860,France,2028-09-05,Jimmy,Moore,1986-09-17,"4300 Lakeville Road, Geneseo NY 14454"
100000071,Q10146687,India,2024-07-10,Shazia,Mcgregor,1988-06-19,"990 Route 5 20, Geneva NY 14456"
100000072,S10779759,China,2025-05-20,Meadow,Brewer,1967-03-25,"311 RT 9W, Glenmont NY 12077"
100000073,K10659477,Sri lanka,2028-08-31,Rohit,Smyth,2008-07-09,"200 Dutch Meadows Ln, Glenville NY 12302"
100000074,L10530641,France,2023-05-23,Clement,Charles,1952-11-12,"100 Elm Ridge Center Dr, Greece NY 14626"
100000075,T10454837,Italy,2024-03-14,Arley,Eastwood,1968-03-06,"1549 Rt 9, Halfmoon NY 12065"
100000076,P10790851,Russia,2025-06-09,Martina,Barrett,1975-04-22,"5360 Southwestern Blvd, Hamburg NY 14075"
100000077,Q11104756,Germany,2022-07-08,Dominika,Holden,2013-12-30,"103 North Caroline St, Herkimer NY 13350"
100000078,A10079511,India,2026-12-23,Herbie,Sampson,2010-05-06,"1000 State Route 36, Hornell NY 14843"
100000079,L10369492,Sri lanka,2025-02-13,Kajetan,Bate,1984-12-10,"1400 County Rd 64, Horseheads NY 14845"
100000080,F10608372,Russia,2023-01-12,Teejay,Keith,1952-11-21,"135 Fairgrounds Memorial Pkwy, Ithaca NY 14850"
100000081,P10037576,China,2022-06-05,Areeba,Connelly,1987-04-12,"2 Gannett Dr, Johnson City NY 13790"
100000082,Q11081892,China,2026-11-24,Jordanna,Leonard,1972-05-12,"233 5th Ave Ext, Johnstown NY 12095"
100000083,L10145854,Canada,2028-11-17,Harriett,O'Sullivan,1953-05-03,"601 Frank Stottile Blvd, Kingston NY 12401"
100000084,T10301662,India,2027-06-20,Clarissa,Dunn,1971-01-29,"350 E Fairmount Ave, Lakewood NY 14750"
100000085,K10779567,China,2028-07-02,Bevan,Carr,1969-06-27,"4975 Transit Rd, Lancaster NY 14086"
100000086,A10229469,Italy,2027-02-12,Daniaal,Wells,1991-01-29,"579 Troy-Schenectady Road, Latham NY 12110"
100000087,J10669714,Russia,2029-05-03,Georgiana,Hodgson,1971-05-16,"5783 So Transit Road, Lockport NY 14094"
100000088,L10874196,Sri lanka,2024-03-08,Darci,Mcghee,1953-05-04,"7155 State Rt 12 S, Lowville NY 13367"
100000089,L10660847,Europe,2025-08-28,Aayan,Atherton,2006-08-24,"425 Route 31, Macedon NY 14502"
100000090,J10574601,India,2024-05-21,Arya,Akhtar,2013-02-26,"3222 State Rt 11, Malone NY 12953"
100000091,L10260228,Germany,2023-12-31,Ferne,Joseph,1981-10-30,"200 Sunrise Mall, Massapequa NY 11758"
100000092,A10572372,Italy,2022-05-12,Keanan,Firth,1960-07-15,"43 Stephenville St, Massena NY 13662"
100000093,Q10434660,Canada,2028-11-27,Santiago,Frazier,1969-04-23,"750 Middle Country Road, Middle Island NY 11953"
100000094,S10665882,Europe,2029-02-24,Judy,Shepherd,1978-04-04,"470 Route 211 East, Middletown NY 10940"
100000095,J10410640,Russia,2023-04-28,Shayna,Bautista,1956-05-01,"3133 E Main St, Mohegan Lake NY 10547"
100000096,L10346084,Europe,2023-12-12,Marilyn,Drake,2014-09-01,"288 Larkin, Monroe NY 10950"
100000097,J10428971,Sri lanka,2028-07-15,Dione,Tucker,1990-04-29,"41 Anawana Lake Road, Monticello NY 12701"
100000098,Q10629824,India,2023-07-28,Ananya,Garcia,2004-05-31,"4765 Commercial Drive, New Hartford NY 13413"
100000099,F10386919,Italy,2025-07-27,Dania,Perez,2011-06-27,"1201 Rt 300, Newburgh NY 12550"
100000100,F10897081,Sri lanka,2023-04-25,Manon,Yang,1964-09-05,"255 W Main St, Avon CT 6001"
100000101,F10671089,Sri lanka,2026-06-26,Ruby-May,Caldwell,2001-08-27,"120 Commercial Parkway, Branford CT 6405"
100000102,J10579873,Sri lanka,2029-05-18,Valerie,Hawes,1965-06-19,"1400 Farmington Ave, Bristol CT 6010"
100000103,N11101373,Europe,2024-07-18,Alexia,Key,2012-02-17,"161 Berlin Road, Cromwell CT 6416"
100000104,P10235845,Sri lanka,2022-01-22,Emelia,Reilly,1955-08-03,"67 Newton Rd, Danbury CT 6810"
100000105,S10333976,Sri lanka,2024-01-11,Conner,Martinez,2008-06-05,"656 New Haven Ave, Derby CT 6418"
100000106,K10697381,Germany,2025-02-10,Amin,Floyd,2009-08-13,"69 Prospect Hill Road, East Windsor CT 6088"
100000107,S10186953,Germany,2024-08-08,Jadon,Aguilar,1983-12-14,"150 Gold Star Hwy, Groton CT 6340"
100000108,F10144333,China,2022-12-24,Garry,Kent,1971-01-11,"900 Boston Post Road, Guilford CT 6437"
100000109,J10104007,Italy,2022-06-01,Kymani,Munro,1980-04-11,"2300 Dixwell Ave, Hamden CT 6514"
100000110,S10214565,Russia,2022-06-19,Keanu,Crouch,1962-08-13,"495 Flatbush Ave, Hartford CT 6106"
100000111,Q10675390,China,2027-09-11,Renzo,Meyer,1975-04-11,"180 River Rd, Lisbon CT 6351"
100000112,S10317079,Europe,2024-08-11,Mahir,Fitzgerald,1988-06-29,"420 Buckland Hills Dr, Manchester CT 6040"
100000113,Q10732135,China,2027-07-05,Mohammad,Case,1983-10-14,"1365 Boston Post Road, Milford CT 6460"
100000114,Q10452780,United States of America,2023-02-25,Jessie,Kearney,2011-10-20,"1100 New Haven Road, Naugatuck CT 6770"
100000115,N10272798,United States of America,2022-09-01,Saqlain,East,1954-08-22,"315 Foxon Blvd, New Haven CT 6513"
100000116,L10337114,United States of America,2027-07-18,Owain,Hail,1955-04-11,"164 Danbury Rd, New Milford CT 6776"
100000117,J10595375,India,2025-01-31,Adelina,Haworth,1950-04-07,"3164 Berlin Turnpike, Newington CT 6111"
100000118,Q10004990,India,2024-07-09,Cathy,Chung,1963-08-22,"474 Boston Post Road, North Windham CT 6256"
100000119,Q10743390,Russia,2027-11-18,Louie,Healy,1980-09-06,"650 Main Ave, Norwalk CT 6851"
100000120,F11062702,United States of America,2029-04-10,Suzanna,Collins,1995-12-13,"680 Connecticut Avenue, Norwalk CT 6854"
100000121,K11048766,Italy,2029-04-20,Maksim,Hubbard,1998-01-17,"220 Salem Turnpike, Norwich CT 6360"
100000122,L11036041,Italy,2029-10-31,Roan,Baird,1956-07-20,"655 Boston Post Rd, Old Saybrook CT 6475"
100000123,F11050695,China,2027-03-13,Alana,Tait,1956-07-26,"625 School Street, Putnam CT 6260"
100000124,A10815106,China,2026-11-16,Jose,Mercer,1983-11-29,"80 Town Line Rd, Rocky Hill CT 6067"
100000125,F11104986,Canada,2027-02-22,Sofija,Hagan,1987-03-11,"465 Bridgeport Avenue, Shelton CT 6484"
100000126,N10921223,Canada,2024-10-28,Mcauley,Cano,1954-05-31,"235 Queen St, Southington CT 6489"
100000127,K10283248,Europe,2028-04-19,Danica,Mac,1993-06-24,"150 Barnum Avenue Cutoff, Stratford CT 6614"
100000128,N10734732,Europe,2022-11-05,Leen,Dixon,1970-02-27,"970 Torringford Street, Torrington CT 6790"
100000129,L10219745,India,2029-05-05,Jaxx,Robin,1984-10-11,"844 No Colony Road, Wallingford CT 6492"
100000130,Q10770104,France,2027-09-27,Kaitlan,Powell,2014-07-30,"910 Wolcott St, Waterbury CT 6705"
100000131,J10263332,United States of America,2028-10-20,Nigel,Cortez,1986-12-13,"155 Waterford Parkway No, Waterford CT 6385"
100000132,P10877065,Germany,2026-09-10,Emillie,Plummer,1984-03-18,"515 Sawmill Road, West Haven CT 6516"
100000133,Q10301911,Germany,2022-12-13,Theodor,Howard,1997-03-21,"2473 Hackworth Road, Adamsville AL 35005"
100000134,K10057729,France,2024-02-06,Zane,Harrell,2009-10-29,"630 Coonial Promenade Pkwy, Alabaster AL 35007"
100000135,J10935340,Sri lanka,2029-06-12,Kian,Woodward,2010-07-07,"2643 Hwy 280 West, Alexander City AL 35010"
100000136,P10699220,United States of America,2028-07-11,Fariha,Heaton,1954-08-18,"540 West Bypass, Andalusia AL 36420"
100000137,L10125137,China,2024-02-27,Nusaybah,Mohamed,2000-08-02,"5560 Mcclellan Blvd, Anniston AL 36206"
100000138,P11086423,Russia,2026-10-19,Bronwen,Vang,1958-12-23,"1450 No Brindlee Mtn Pkwy, Arab AL 35016"
100000139,T10990219,Europe,2023-03-21,Nick,Rogers,1981-10-18,"1011 US Hwy 72 East, Athens AL 35611"
100000140,J10028890,Germany,2024-03-10,Miley,Hilton,1985-06-27,"973 Gilbert Ferry Road Se, Attalla AL 35954"
100000141,A10417724,India,2027-12-12,Jamila,Frost,2013-05-17,"1717 South College Street, Auburn AL 36830"
100000142,P10736044,United States of America,2029-04-02,Inaayah,Barton,1952-05-02,"701 Mcmeans Ave, Bay Minette AL 36507"
100000143,N10561330,Russia,2024-09-12,Connie,Fernandez,2010-04-01,"750 Academy Drive, Bessemer AL 35022"
100000144,S10919673,China,2026-07-13,Nazifa,Wu,1976-06-12,"312 Palisades Blvd, Birmingham AL 35209"
100000145,F10561178,Sri lanka,2025-08-03,Mari,Moon,1956-09-14,"1600 Montclair Rd, Birmingham AL 35210"
100000146,P10842303,France,2029-12-07,Jagoda,White,1958-02-07,"5919 Trussville Crossings Pkwy, Birmingham AL 35235"
100000147,J10605530,Canada,2025-07-23,Shaan,Grey,2012-12-03,"9248 Parkway East, Birmingham AL 35206"
100000148,K10474378,Germany,2024-09-11,Jarrad,Mclaughlin,1965-10-04,"1972 Hwy 431, Boaz AL 35957"
100000149,N10961130,Russia,2027-09-20,Faizaan,Conway,1983-06-01,"10675 Hwy 5, Brent AL 35034"
100000150,L10311165,France,2025-08-18,Ranveer,Peck,1963-04-04,"2041 Douglas Avenue, Brewton AL 36426"
100000151,L10821623,Germany,2027-04-27,Tahlia,Russell,1969-05-09,"5100 Hwy 31, Calera AL 35040"
100000152,T10668572,Russia,2027-04-22,Mariyah,Galloway,2007-09-20,"1916 Center Point Rd, Center Point AL 35215"
100000153,F10397401,Italy,2022-06-26,Deanna,Ellwood,1995-10-25,"1950 W Main St, Centre AL 35960"
100000154,K10255108,India,2027-11-06,Mina,Simons,1992-11-28,"16077 Highway 280, Chelsea AL 35043"
100000155,T10551007,Russia,2025-03-14,Abel,Ayers,1995-10-11,"1415 7Th Street South, Clanton AL 35045"
100000156,K11028993,United States of America,2028-05-19,Abdi,Pacheco,1954-04-22,"626 Olive Street Sw, Cullman AL 35055"
100000157,A10087379,India,2029-12-28,Sania,Fountain,1979-12-31,"27520 Hwy 98, Daphne AL 36526"
100000158,J11027653,Russia,2027-05-24,Borys,Metcalfe,1977-11-08,"2800 Spring Avn SW, Decatur AL 35603"
100000159,N10752328,Sri lanka,2029-12-16,Libbi,Hulme,1999-07-22,"969 Us Hwy 80 West, Demopolis AL 36732"
100000160,Q10369007,United States of America,2026-08-15,Samad,Gibbons,1956-08-22,"3300 South Oates Street, Dothan AL 36301"
100000161,A10304523,China,2024-06-02,Antony,Delarosa,1967-08-04,"4310 Montgomery Hwy, Dothan AL 36303"
100000162,J10603453,Italy,2027-06-27,Emile,Werner,1994-10-09,"600 Boll Weevil Circle, Enterprise AL 36330"
100000163,K10176386,Germany,2022-05-17,Olivia-Rose,Barnett,1979-04-22,"3176 South Eufaula Avenue, Eufaula AL 36027"
100000164,N10266429,Europe,2024-08-07,Arooj,Watson,1950-03-01,"7100 Aaron Aronov Drive, Fairfield AL 35064"
100000165,J10410615,United States of America,2027-01-15,Nikolas,Bateman,2004-11-13,"10040 County Road 48, Fairhope AL 36533"
100000166,P10550236,France,2029-03-30,Dolly,Burnett,1980-07-08,"3186 Hwy 171 North, Fayette AL 35555"
100000167,S10023155,Italy,2029-05-25,Octavia,Garza,1988-05-01,"3100 Hough Rd, Florence AL 35630"
100000168,Q11063577,Canada,2028-12-13,Inaaya,Burn,1956-07-12,"2200 South Mckenzie St, Foley AL 36535"
100000169,T10964401,France,2026-12-08,Zeynep,Kaufman,1982-11-26,"2001 Glenn Bldv Sw, Fort Payne AL 35968"
100000170,Q10880978,Sri lanka,2028-04-10,Irene,Velasquez,1966-03-27,"340 East Meighan Blvd, Gadsden AL 35903"
100000171,A10069732,Italy,2029-01-01,Karan,Landry,1966-12-26,"890 Odum Road, Gardendale AL 35071"
100000172,Q10619401,Italy,2024-12-06,Mathilde,Lewis,1989-11-25,"1608 W Magnolia Ave, Geneva AL 36340"
100000173,T10010701,Europe,2024-04-19,Harvie,Barr,1994-07-16,"501 Willow Lane, Greenville AL 36037"
100000174,S10959235,Canada,2028-10-06,Jaye,Webber,1964-10-26,"170 Fort Morgan Road, Gulf Shores AL 36542"
100000175,F10328507,Germany,2023-02-11,Bryson,Odom,1997-02-17,"11697 US Hwy 431, Guntersville AL 35976"
100000176,T10606046,Canada,2023-10-06,Marta,Hutchings,1982-09-30,"42417 Hwy 195, Haleyville AL 35565"
100000177,J10824136,Europe,2027-04-18,Lillie-Rose,Barrett,1984-07-09,"1706 Military Street South, Hamilton AL 35570"
100000178,L10823581,Germany,2029-08-12,Evalyn,Kim,1958-09-22,"1201 Hwy 31 NW, Hartselle AL 35640"
100000179,S10588133,Canada,2024-11-20,Abdul,Neal,1977-03-21,"209 Lakeshore Parkway, Homewood AL 35209"
100000180,J10127680,Germany,2023-10-15,Warwick,Wall,1977-08-04,"2780 John Hawkins Pkwy, Hoover AL 35244"
100000181,N10188107,Europe,2028-06-08,Kamile,Rangel,1977-05-28,"5335 Hwy 280 South, Hoover AL 35242"
100000182,A10596755,Italy,2024-10-09,Beauden,James,1951-09-10,"1007 Red Farmer Drive, Hueytown AL 35023"
100000183,T10781849,India,2025-11-28,Aniqa,Shelton,2003-03-25,"2900 S Mem PkwyDrake Ave, Huntsville AL 35801"
100000184,A10972557,Italy,2022-04-06,Roza,Howe,1958-01-27,"11610 Memorial Pkwy South, Huntsville AL 35803"
100000185,P10323064,Italy,2022-11-24,Jareth,Lynn,2006-09-18,"2200 Sparkman Drive, Huntsville AL 35810"
100000186,F10050382,Russia,2028-08-07,Roxy,Guevara,2002-07-01,"330 Sutton Rd, Huntsville AL 35763"
100000187,Q10001086,France,2028-10-03,Kaylen,Wade,1977-12-27,"6140A Univ Drive, Huntsville AL 35806"
100000188,P11083068,Sri lanka,2026-10-26,Lance,Daniels,1959-07-25,"4206 N College Ave, Jackson AL 36545"
100000189,P10778649,Europe,2029-08-10,Taliah,Mcdaniel,1960-05-22,"1625 Pelham South, Jacksonville AL 36265"
100000190,K10923265,United States of America,2023-11-03,Vincent,Gregory,1970-07-18,"1801 Hwy 78 East, Jasper AL 35501"
100000191,Q10477001,Europe,2029-12-15,Sanaa,Truong,1991-11-18,"8551 Whitfield Ave, Leeds AL 35094"
100000192,Q10662905,India,2028-09-15,Anabelle,Bernal,2000-10-02,"8650 Madison Blvd, Madison AL 35758"
100000193,A10665087,Sri lanka,2024-08-23,Nel,Mckay,2012-11-12,"145 Kelley Blvd, Millbrook AL 36054"
100000194,K10309080,Russia,2022-02-01,Hadiya,Morales,2003-09-19,"1970 S University Blvd, Mobile AL 36609"
100000195,S10455009,Russia,2024-12-23,Subhaan,Bender,1998-05-12,"6350 Cottage Hill Road, Mobile AL 36609"
100000196,T10461913,Russia,2024-12-26,Nadia,Raymond,1967-01-06,"101 South Beltline Highway, Mobile AL 36606"
100000197,P10688131,France,2025-11-23,Maariyah,Gallegos,1971-12-23,"2500 Dawes Road, Mobile AL 36695"
100000198,J10180601,United States of America,2024-05-30,Aila,Merrill,1962-04-20,"5245 Rangeline Service Rd, Mobile AL 36619"
100000199,A10959089,China,2026-11-08,Isa,Glover,1979-05-20,"685 Schillinger Rd, Mobile AL 36695"
100000200,J10493413,Canada,2026-06-23,Harmony,Choi,1977-05-13,"3371 S Alabama Ave, Monroeville AL 36460"
100000201,F10005267,Canada,2027-06-23,Alara,O'Gallagher,1996-09-12,"10710 Chantilly Pkwy, Montgomery AL 36117"
100000202,J10278174,Italy,2022-05-09,Raya,Edwards,1999-02-19,"3801 Eastern Blvd, Montgomery AL 36116"
100000203,Q10922859,Germany,2024-01-20,Aneeka,Todd,2004-03-17,"6495 Atlanta Hwy, Montgomery AL 36117"
100000204,Q10459100,China,2028-04-23,Bodhi,Bruce,1975-08-30,"851 Ann St, Montgomery AL 36107"
100000205,A10011274,Italy,2028-02-15,Anayah,Dowling,1974-01-19,"15445 Highway 24, Moulton AL 35650"
100000206,K10908202,Sri lanka,2023-03-22,Janae,Olsen,1965-07-14,"517 West Avalon Ave, Muscle Shoals AL 35661"
100000207,A10184875,Russia,2022-08-24,Acacia,Mcpherson,1989-06-17,"5710 Mcfarland Blvd, Northport AL 35476"
100000208,K10748358,France,2029-07-05,Carolina,Oliver,1999-02-09,"2453 2Nd Avenue East, Oneonta AL 35121 205-625-647"
100000209,K10980792,Sri lanka,2023-12-26,Najma,O'Brien,1953-03-17,"2900 Pepperrell Pkwy, Opelika AL 36801"
100000210,N10738410,Russia,2026-07-30,Zaina,Mccarty,1985-04-15,"92 Plaza Lane, Oxford AL 36203"
100000211,P10141152,Sri lanka,2023-10-30,Beverley,Hutton,1982-11-09,"1537 Hwy 231 South, Ozark AL 36360"
100000212,S10001875,Germany,2024-02-01,Aleksandra,Tapia,1987-08-07,"2181 Pelham Pkwy, Pelham AL 35124"
100000213,J10021672,Europe,2022-07-12,Safiya,Rodgers,1989-01-10,"165 Vaughan Ln, Pell City AL 35125"
100000214,K10670810,Italy,2026-04-22,Deon,Sellers,1980-06-29,"3700 Hwy 280-431 N, Phenix City AL 36867"
100000215,J10465353,Russia,2025-02-12,Kaja,Firth,2009-11-06,"1903 Cobbs Ford Rd, Prattville AL 36066"
100000216,P10107635,France,2023-09-03,Burhan,Navarro,1995-09-28,"4180 Us Hwy 431, Roanoke AL 36274"
100000217,N10372908,Sri lanka,2028-04-06,Amber,Watts,1957-06-01,"13675 Hwy 43, Russellville AL 35653"
100000218,Q10419694,Germany,2022-04-18,Khalid,Espinosa,2006-01-30,"1095 Industrial Pkwy, Saraland AL 36571"
100000219,T10978671,France,2026-08-03,Jamel,Hancock,1995-01-03,"24833 Johnt Reidprkw, Scottsboro AL 35768"
100000220,N10901509,China,2027-07-24,Ritik,Lindsey,2009-10-14,"1501 Hwy 14 East, Selma AL 36703"
100000221,S10808887,United States of America,2024-02-15,Edwin,Hamer,1954-06-02,"7855 Moffett Rd, Semmes AL 36575"
100000222,P10817115,Italy,2028-01-08,Gideon,Stacey,2002-08-15,"150 Springville Station Blvd, Springville AL 35146"
100000223,T10887537,Sri lanka,2022-08-21,Luci,Daniel,1967-11-08,"690 Hwy 78, Sumiton AL 35148"
100000224,A10778183,Europe,2028-01-11,Tyreese,Ortega,2012-07-19,"41301 US Hwy 280, Sylacauga AL 35150"
100000225,S11049964,Germany,2028-11-15,Mercy,Schneider,1964-09-17,"214 Haynes Street, Talladega AL 35160"
100000226,N10743524,United States of America,2024-11-08,Carla,Mcgrath,1982-06-29,"1300 Gilmer Ave, Tallassee AL 36078"
100000227,J10203071,Europe,2024-06-11,Amisha,Drake,1960-02-07,"34301 Hwy 43, Thomasville AL 36784"
100000228,N11009539,Italy,2022-07-28,Kurt,Devlin,1980-10-06,"1420 Us 231 South, Troy AL 36081"
100000229,A10191199,Italy,2024-10-06,Parris,Knowles,1962-10-27,"1501 Skyland Blvd E, Tuscaloosa AL 35405"
100000230,L10047718,Germany,2024-07-06,Nour,Bray,1952-02-22,"3501 20th Av, Valley AL 36854"
100000231,Q10621306,China,2027-03-21,Aneesha,Ortiz,1999-10-14,"1300 Montgomery Highway, Vestavia Hills AL 35216"
100000232,J10818314,United States of America,2022-11-02,Radhika,Ramos,1952-10-07,"4538 Us Hwy 231, Wetumpka AL 36092"
100000233,T11083211,Italy,2027-11-17,Mamie,Lopez,2000-01-12,"2575 Us Hwy 43, Winfield AL 35594"
100000234,P10733216,Russia,2023-11-27,Erin,Weston,2002-02-15,"517 West Avalon Ave, Muscle Shoals AL 35661"
100000235,A10195234,Italy,2028-05-16,Kali,Sutton,2001-10-19,"5710 Mcfarland Blvd, Northport AL 35476"
100000236,F10905740,China,2022-01-31,Simona,Gordon,1964-11-18,"2453 2Nd Avenue East, Oneonta AL 35121 205-625-647"
100000237,T10570168,Canada,2022-12-20,Myah,Lovell,1995-08-24,"2900 Pepperrell Pkwy, Opelika AL 36801"
100000238,F10746015,United States of America,2024-06-20,Zainab,Bob,1997-06-08,"92 Plaza Lane, Oxford AL 36203"
100000239,N10157763,Russia,2022-09-05,Sulayman,Coles,2003-05-02,"1537 Hwy 231 South, Ozark AL 36360"
100000240,P10898052,Italy,2023-03-13,Pamela,Richmond,1985-10-16,"2181 Pelham Pkwy, Pelham AL 35124"
100000241,Q10858893,Italy,2029-01-21,Denny,Brown,2004-07-29,"165 Vaughan Ln, Pell City AL 35125"
100000242,J11040267,France,2024-03-06,Stephanie,Pineda,1960-10-09,"3700 Hwy 280-431 N, Phenix City AL 36867"
100000243,L10243420,France,2023-07-23,Theodora,Greer,1950-01-14,"1903 Cobbs Ford Rd, Prattville AL 36066"
100000244,S10906401,Europe,2025-11-18,Muhammad,Jordan,1996-10-04,"4180 Us Hwy 431, Roanoke AL 36274"
100000245,F10992448,Germany,2022-12-17,Colby,Griffin,2011-10-26,"13675 Hwy 43, Russellville AL 35653"
100000246,T10780743,Germany,2029-09-08,Moses,Diaz,1955-07-11,"1095 Industrial Pkwy, Saraland AL 36571"
100000247,L10198059,India,2028-02-23,Ann-Marie,Mcgowan,1952-01-03,"24833 Johnt Reidprkw, Scottsboro AL 35768"
100000248,K10332844,Canada,2025-06-20,Kaison,Kouma,1976-10-04,"1501 Hwy 14 East, Selma AL 36703"
100000249,P10193786,Russia,2028-08-29,Liberty,Rayner,1995-03-12,"7855 Moffett Rd, Semmes AL 36575"
100000250,A10877241,Europe,2028-09-01,Kieran,Rowley,2013-10-08,"150 Springville Station Blvd, Springville AL 35146"
100000251,T10806889,Italy,2028-08-09,Dawson,O'Connor,2010-06-14,"690 Hwy 78, Sumiton AL 35148"
100000252,P10543656,Germany,2023-12-18,Dexter,Forbes,2008-12-07,"41301 US Hwy 280, Sylacauga AL 35150"
100000253,J10149369,China,2029-09-11,Aadam,Bennett,1994-09-12,"214 Haynes Street, Talladega AL 35160"
100000254,S10613040,Russia,2028-10-08,Sammy-Jo,Salinas,1998-01-07,"1300 Gilmer Ave, Tallassee AL 36078"
100000255,S10620111,Russia,2029-06-03,Elliot,Andrew,2004-02-07,"34301 Hwy 43, Thomasville AL 36784"
100000256,L10321369,United States of America,2027-03-26,Anabel,Maynard,1997-08-21,"1420 Us 231 South, Troy AL 36081"
100000257,K10878153,France,2027-01-23,Caleb,Huff,1993-04-13,"1501 Skyland Blvd E, Tuscaloosa AL 35405"
100000258,P10631766,Canada,2026-05-16,Kaya,Conner,1970-03-03,"3501 20th Av, Valley AL 36854"
100000259,S10310151,Canada,2029-05-07,Letitia,Wainwright,1997-08-30,"1300 Montgomery Highway, Vestavia Hills AL 35216"
100000260,F10962949,France,2025-12-09,Lee,Reid,1971-12-17,"4538 Us Hwy 231, Wetumpka AL 36092"
100000261,T11078998,India,2025-10-18,Lucca,Parkinson,1976-11-16,"2575 Us Hwy 43, Winfield AL 35594"
100000262,F10003956,France,2028-03-17,Amelia-Lily,Bowler,1989-01-02,"517 West Avalon Ave, Muscle Shoals AL 35661"
100000263,A10424613,Russia,2022-06-23,Cherie,Kearns,1955-11-17,"5710 Mcfarland Blvd, Northport AL 35476"
100000264,L10542888,Sri lanka,2024-12-04,Zunairah,Brewer,2006-07-14,"2453 2Nd Avenue East, Oneonta AL 35121 205-625-647"
100000265,K10026346,Sri lanka,2028-11-20,Allegra,Marriott,1997-01-08,"2900 Pepperrell Pkwy, Opelika AL 36801"
100000266,L10995703,India,2024-08-14,Otto,Swan,1982-07-03,"92 Plaza Lane, Oxford AL 36203"
100000267,Q10957844,United States of America,2027-05-21,Elinor,Owens,1971-08-12,"1537 Hwy 231 South, Ozark AL 36360"
100000268,K10348559,India,2029-07-13,Milan,Robertson,1951-03-30,"2181 Pelham Pkwy, Pelham AL 35124"
100000269,T10838504,India,2022-09-29,Mandy,Rahman,2012-09-25,"165 Vaughan Ln, Pell City AL 35125"
100000270,A10887383,Germany,2028-01-20,Zach,Harmon,1972-02-13,"3700 Hwy 280-431 N, Phenix City AL 36867"
100000271,L10877611,Canada,2027-07-07,Lyndon,Klein,2000-04-12,"1903 Cobbs Ford Rd, Prattville AL 36066"
100000272,F10224166,United States of America,2027-10-14,Gurpreet,Appleton,1977-05-20,"4180 Us Hwy 431, Roanoke AL 36274"
100000273,N10746666,Russia,2023-10-12,Monica,Gibson,1956-11-12,"13675 Hwy 43, Russellville AL 35653"
100000274,T11093536,India,2029-12-31,Mustafa,Devine,1958-06-15,"1095 Industrial Pkwy, Saraland AL 36571"
100000275,S10776297,United States of America,2024-01-01,Jazmyn,Bolton,2005-06-25,"24833 Johnt Reidprkw, Scottsboro AL 35768"
100000276,T10261773,Germany,2028-03-24,Zahra,Lee,2001-01-27,"1501 Hwy 14 East, Selma AL 36703"
100000277,N10604248,Europe,2025-06-18,Javier,Dorsey,1997-02-07,"7855 Moffett Rd, Semmes AL 36575"
100000278,L10195715,India,2023-02-21,Lyla,Fuller,1956-07-21,"150 Springville Station Blvd, Springville AL 35146"
100000279,K10109200,India,2024-12-15,Hermione,Dupont,1987-03-03,"690 Hwy 78, Sumiton AL 35148"
100000280,S10419361,China,2022-07-14,Lloyd,Heaton,2009-08-28,"41301 US Hwy 280, Sylacauga AL 35150"
100000281,L10295955,Russia,2027-05-12,Neil,Burns,1989-01-11,"214 Haynes Street, Talladega AL 35160"
100000282,K10569432,France,2024-03-01,Samanta,Bowden,1985-10-12,"1300 Gilmer Ave, Tallassee AL 36078"
100000283,L10008770,United States of America,2027-03-31,Mikail,Wade,1975-01-16,"34301 Hwy 43, Thomasville AL 36784"
100000284,S10551305,Canada,2025-10-01,Kirandeep,Dodson,1962-04-09,"1420 Us 231 South, Troy AL 36081"
100000285,L10879818,India,2027-02-19,Leilani,Ingram,2002-03-30,"1501 Skyland Blvd E, Tuscaloosa AL 35405"
100000286,Q10239126,Canada,2029-04-01,Fiza,Byrd,1955-06-29,"3501 20th Av, Valley AL 36854"
100000287,N11100191,China,2022-01-30,Lorelai,Craig,2012-11-13,"1300 Montgomery Highway, Vestavia Hills AL 35216"
100000288,A10115543,Germany,2024-11-13,Jace,Newton,1958-07-06,"4538 Us Hwy 231, Wetumpka AL 36092"
100000289,A10146749,Russia,2026-11-09,Jamie-Leigh,Frey,1980-11-21,"2575 Us Hwy 43, Winfield AL 35594"
100000290,S10369486,France,2025-11-19,Eliott,Hartman,1970-11-05,"10040 County Road 48, Fairhope AL 36533"
100000291,A10819615,Canada,2027-05-31,Ella-Grace,Delgado,2007-12-27,"3186 Hwy 171 North, Fayette AL 35555"
100000292,N11053491,India,2029-04-25,Arla,Rodrigues,1961-02-28,"3100 Hough Rd, Florence AL 35630"
100000293,J10629399,Canada,2029-03-04,Elen,Peel,2006-11-08,"2200 South Mckenzie St, Foley AL 36535"
100000294,S10435482,India,2029-03-08,Umaima,Walker,1970-01-23,"2001 Glenn Bldv Sw, Fort Payne AL 35968"
100000295,K10060795,Sri lanka,2023-03-31,Melissa,Salazar,1955-06-12,"340 East Meighan Blvd, Gadsden AL 35903"
100000296,F10220214,Germany,2022-11-04,Abdi,Berger,2005-12-09,"890 Odum Road, Gardendale AL 35071"
100000297,T10884457,France,2025-04-02,Marvin,Shepard,1971-07-09,"1608 W Magnolia Ave, Geneva AL 36340"
100000298,S10429937,Russia,2028-05-15,Dawud,Dyer,1964-05-30,"501 Willow Lane, Greenville AL 36037"
100000299,T10726589,United States of America,2027-02-20,Inaayah,Keeling,1960-12-19,"170 Fort Morgan Road, Gulf Shores AL 36542"
